"1000000","2015/12/29","y6ncJvIia9"
"1000001","2017/11/05","3T7l7wWKTJ"
"1000002","2016/06/19","iPhuQfIttDps"
"1000003","2015/09/19","qULlAlBJZuiID1UwPcg4"
"1000004","2017/08/05","0fUESsoPvG3KD99pH8Z"
"1000005","2017/06/23","AZttN3ljWGKbv2sgUOZa"
"1000006","2017/01/10","EQ1SfIuLlyRT341C"
"1000007","2015/11/17","MmCCyBd0lMS"
"1000008","2016/11/04","GSteat1jxS"
"1000009","2017/12/14","Ea2slXm7gNUxhos"
"1000010","2017/06/29","1FbcWRrnYO51sC8geSv"
"1000011","2017/10/28","XuNFfC43qmNFYdktupd"
"1000012","2017/09/13","NyP4cFXEeVvmPFpdKx"
"1000013","2017/04/12","nFLZb2IN8ti"
"1000014","2017/11/13","rT3oX0yHHqZUl2EYDESX"
"1000015","2015/10/08","Py1YbZ8B2sFN1YRzHN"
"1000016","2017/05/17","8fAfAmKsjFLHcFv0"
"1000017","2017/08/17","0mdICQEhd3KFT8fo"
"1000018","2015/03/14","KNBZJaXGUSU0iLAgx23V"
"1000019","2016/04/24","BlXN5XEZ4R"
"1000020","2016/02/26","yaxYHkhXEkyiwkLu55a"
"1000021","2017/12/22","dwnantENH5u3hyW"
"1000022","2016/07/10","1FuyNvEk6z5VEAi9F"
"1000023","2016/06/26","ZoIOevg1fREFSpn"
"1000024","2015/11/21","MrisVJPBiNbF6bvgpu"
"1000025","2016/06/08","RkaZYIEpByItsi6cAVs2"
"1000026","2015/08/03","d7VpYPU5MEQAeu"
"1000027","2016/06/12","fVZnsu11x3El"
"1000028","2016/12/11","eE41qwZm9iyI7jS2Gz"
"1000029","2016/02/09","SO8UZ2IdiUK7cCkT"
"1000030","2016/12/21","IWLnCCZACsqzBFz"
"1000031","2016/08/13","G4UcJLkGgz3Y7h"
"1000032","2017/03/02","jJ4HzRKCdXGRXhZml07"
"1000033","2017/01/09","s8QuKm9wxPa0MENGKR"
"1000034","2016/01/02","yl1RDpbDORk"
"1000035","2017/12/22","O2FpFPjkVic"
"1000036","2015/03/06","PUXIRaeGTN"
"1000037","2017/06/05","JKtCDJcrDUObwLA56"
"1000038","2017/06/15","nXp135AWGZCOURGO0ZH0"
"1000039","2017/04/09","AmlWw9njnoAB7"
"1000040","2016/03/25","DOw2HCdpfiVUz"
"1000041","2016/02/14","fhC5ntEX7h6Wtt"
"1000042","2017/08/08","U6nOBUr7DNrPJG21"
"1000043","2016/10/02","QZuNckfkGH"
"1000044","2015/05/07","vjge5ocTdWv"
"1000045","2015/06/30","Zhlq94vl5dgvU"
"1000046","2016/11/27","TjfQ2BLXHYpVDHjzZmRt"
"1000047","2016/07/30","NtwU9jKhFM"
"1000048","2016/01/16","KYqn6noY0iediqmte"
"1000049","2015/11/21","7RgCALkAyzhz"
"1000050","2015/01/04","GLKn0LMr5Fgo"
"1000051","2017/12/17","qpRRiPNtP5"
"1000052","2016/11/04","aAz8WIGAxTrdyvks"
"1000053","2017/09/25","K8W9GspiakW8kXG"
"1000054","2015/04/07","RMayM6DqSRUx6dfp"
"1000055","2017/07/19","ZVdkVDoWb9uVDe7"
"1000056","2016/05/14","Ma1nB2Vi34db9Brg4"
"1000057","2015/09/28","nAXCNHm4EW3WZlp2gt"
"1000058","2015/11/13","bClEEPJtLAs4"
"1000059","2016/02/22","vPACwT5Wwm1U"
"1000060","2015/04/29","Flx8FE6sJqxFskw"
"1000061","2015/02/12","HDAFjKLHbDCRtH3"
"1000062","2017/09/02","1GxWe3Pmk0C"
"1000063","2017/02/10","e1XemFNUHFU6bGx"
"1000064","2016/10/29","4apEGVXa0r0R"
"1000065","2017/07/20","ZRHNpMFOYDyW3zGI"
"1000066","2017/11/07","m6ACQmFMtxfz"
"1000067","2017/05/25","OWFBmHuCaXJmL"
"1000068","2017/09/18","0DrVCypWTH083dC"
"1000069","2015/09/24","3Ko5IUk6vXb"
"1000070","2016/06/10","2dTyMNqRUxCwsCySkpB3"
"1000071","2017/03/26","wZrPpr32HM4bA40QNvj"
"1000072","2016/08/26","ovTWdZkF0Gk"
"1000073","2016/09/01","9nEjRPJQMirE"
"1000074","2016/08/06","jBACP3DlCE"
"1000075","2017/11/19","BNpUR1S6IWfEFTf3"
"1000076","2016/12/20","0s2Mnt16z0"
"1000077","2015/07/29","id7urWut5sHZy"
"1000078","2016/01/08","0rGdZ7bKVmcovS"
"1000079","2017/08/03","adFp7c7JG1b"
"1000080","2016/04/26","FYHr7jXu7EMLaxQgDW"
"1000081","2017/05/13","uEn4BRX3x6kfL"
"1000082","2017/04/20","SHmqOWmdTL29S"
"1000083","2015/09/05","vBJjqg8gOPtY8"
"1000084","2017/05/19","azrXdjYwBJzXb"
"1000085","2017/09/01","rV5QIsUFMmsYiu9o"
"1000086","2016/03/25","wsVLCpEBJpnUpUUyofkU"
"1000087","2016/12/05","YF3WN0AK2bvestYY3"
"1000088","2016/05/07","nLyG9sxDo8dE6"
"1000089","2017/02/24","B1d6oxiPhx"
"1000090","2015/05/18","egmS4AEiK6b"
"1000091","2017/11/06","Li4LcFFMDo8w8jID"
"1000092","2015/10/19","GzW2DLAs3PBRxD"
"1000093","2016/09/03","skhGc0E623a"
"1000094","2016/09/26","sa3UKfoJaBiAn1A"
"1000095","2016/01/28","rV7epFMZQNdB9DOskc0"
"1000096","2017/09/05","F4yiL54zawY5v0xQWMt"
"1000097","2017/06/23","JXfgmaOhXbJIQNf91"
"1000098","2016/01/12","bUwbxJXgX4"
"1000099","2017/11/20","us7tGNUoEECL08dP"
"1000100","2017/02/20","vO8pX78m0Mt"
"1000101","2015/02/17","ahSlUcPdu7O"
"1000102","2017/11/15","LDyt7YwqR9Yl2L"
"1000103","2017/10/24","6j70DW1ZYMRqyGlkPL1"
"1000104","2017/03/09","VPswH17j7MqVfHa"
"1000105","2015/04/19","Bhgtw4wdpuNz"
"1000106","2017/05/30","c1h3uNaTY3"
"1000107","2015/01/09","V1DrrN7fzHZ5DB"
"1000108","2015/12/06","FIjxy6D2t00PURd8CCz"
"1000109","2015/10/15","A4FKp10dHy"
"1000110","2017/04/21","FMGcXWoTCQ453m"
"1000111","2016/11/06","w7aaWzPdqf5Q"
"1000112","2015/04/15","gL1So0MupCwFaLY"
"1000113","2016/08/08","Rt9xmB8nH5tN"
"1000114","2016/02/13","2QNirCUHC4198cEdry7"
"1000115","2017/02/23","LTGOfWGJ2Idjj6n"
"1000116","2016/12/06","DNld7HvCfgIwEGvO"
"1000117","2015/01/10","u3Zf3c5kzgGFWxB"
"1000118","2016/07/28","ighgHBbUefDxpX7xRI"
"1000119","2015/02/06","NeVkfxK1L9VWvF"
"1000120","2015/02/09","lUUnB6PIeT"
"1000121","2015/10/08","GN2UZ4e8sSdmIJy"
"1000122","2017/12/03","sB2eDbjFRDr6z"
"1000123","2015/10/16","ZUNKn149Mdw3HoAll"
"1000124","2015/02/18","5BvH4nqgqA4bQ9Og9SV"
"1000125","2016/09/01","kkyKrzf9Wisbeuee8X"
"1000126","2016/10/10","RQm5KTSF7NXsHKq"
"1000127","2017/11/07","tedTcw6Fi9w"
"1000128","2017/06/16","UgeiRiFVXhAlBN2JZ6Z9"
"1000129","2016/05/01","ovBmLM55L7F7Fc6uE"
"1000130","2015/04/25","4KKeqqoTOhb4hu35y1"
"1000131","2016/09/25","lEO6nFZ6GGqQcL2xh"
"1000132","2016/07/25","UReyGUcr3T8HH"
"1000133","2016/07/19","Sd4sYUB2GcpKcjr9VLx"
"1000134","2017/08/21","eFJyxKkXEHQxz5"
"1000135","2015/10/20","MLRKTnxr6MA"
"1000136","2017/08/10","zUDKyLkK9yuB5nQ"
"1000137","2017/11/11","Ad88wJKoJIVM"
"1000138","2016/09/04","x1HgKxTl29"
"1000139","2017/07/19","gEwJ3Q58EL"
"1000140","2017/06/04","jHt3j9TAD7NRx"
"1000141","2017/10/22","ksMSaJsVkkTEfYsnznf"
"1000142","2015/02/16","EPMXapSKrnNr"
"1000143","2015/10/30","zmqjMaDQeq"
"1000144","2017/12/09","u7gzSBlLl2WTQh"
"1000145","2016/11/10","7NqZ8XlT8Ck8nz0"
"1000146","2016/03/08","MjSPMqticBiUkYb4utX"
"1000147","2016/11/14","oTvPzjjCmrFOxbwe6E"
"1000148","2017/06/11","UhjbpOdgVQSP"
"1000149","2016/02/12","hc2uqiWrB2IcBS38m"
"1000150","2015/03/27","HQFrT3ERK4gkN7DGYkg"
"1000151","2017/11/04","sCjg4aV1JI8Ce"
"1000152","2016/09/16","ez8Nqh6LaBfxgQY"
"1000153","2015/06/09","cglMi5pliA8IrQIg"
"1000154","2016/02/16","V8ixxUSASZjXXQNK"
"1000155","2015/05/21","czyOMNKVsPd"
"1000156","2016/05/05","9fcujk6aRbsbr"
"1000157","2016/09/29","2Woa9JUf7E"
"1000158","2016/02/15","p4UwTQEQf6plqdbz8n"
"1000159","2016/12/26","NJe6Q7UwskN"
"1000160","2017/11/26","bs26AMXXUCZwn"
"1000161","2017/07/28","rGJVfa69eoLH"
"1000162","2015/05/29","HMRd2czd2vHVuc2O"
"1000163","2017/06/07","SYZJlv2bt4Ed"
"1000164","2015/05/31","vpPgS1XAP8sIyg1Oa"
"1000165","2016/07/05","ikN9ZdN0pUOTKG8f"
"1000166","2015/06/04","rXKdVpgPa0c62gThfUv"
"1000167","2015/03/21","jwXBSNpvGVPWT"
"1000168","2017/02/15","RVfTdBXgct30"
"1000169","2017/04/06","6shZwqOXqwbaMj"
"1000170","2015/07/11","Y0AIDdJGN4bGB3Bk28"
"1000171","2015/04/01","T2IRfINSbjl5zGzK9S2"
"1000172","2016/10/08","PNX53NV2DxOF"
"1000173","2017/07/11","K6wmJApTzfV"
"1000174","2017/03/05","o48AKNYKfp1gZLrC"
"1000175","2017/05/09","MeTHfBWQxXWMIKtc"
"1000176","2015/03/27","I4T7Zho4GECM"
"1000177","2017/01/22","wFahPLRP6ho"
"1000178","2016/11/16","KStNPEGvJVBq9lWvr"
"1000179","2017/12/19","DCv3VlcWMGnmL"
"1000180","2017/08/12","cmcyiXZ7yAyr9p7"
"1000181","2015/09/26","FuR9BJJUfnmRxLWZl"
"1000182","2015/01/30","9WRu9QiEOzC"
"1000183","2015/05/11","Ejb3Hg4R4lOoIuDA"
"1000184","2016/12/14","dNiahbcTJ183pR"
"1000185","2016/03/09","OhwRhUdO3na0WqF"
"1000186","2015/03/31","btk4QTRWMOdHPD"
"1000187","2017/03/16","WrMluFBam3ePt4J79"
"1000188","2017/11/28","qYVEZibTU3"
"1000189","2015/03/30","f6jpXRwSBKAAQSjNpz4"
"1000190","2015/12/19","MrBQC0EthpJOFypDCKh"
"1000191","2017/03/31","aE7qxwTjsAX"
"1000192","2017/09/20","WRgPwCuFdiihj2IB"
"1000193","2015/09/16","1T7Yr3o31pfB144Ws"
"1000194","2017/08/24","5zSlcczh7LNYaP1N"
"1000195","2015/09/11","i1WCmeHclKlIL94keT"
"1000196","2015/04/11","IGPvxWcZwNQYVz"
"1000197","2016/09/27","GMomqX9HEr7dos"
"1000198","2017/08/12","9uFAZqsrbJXob9x"
"1000199","2015/12/25","6gbmmof9gr"
"1000200","2017/10/12","22VD4MxzyX1SoBG"
"1000201","2015/10/30","b0qXkDI1YU"
"1000202","2016/05/27","wmLgeWMVODcm4BOa0tj"
"1000203","2017/10/13","pgXcz8oFu0P5X4vkD"
"1000204","2016/04/03","rL1FvR3wm2Kq"
"1000205","2016/11/23","uwqefELpZc23CQZe"
"1000206","2016/10/27","fqgKlDDRkFiDsNwX3Ypg"
"1000207","2015/02/02","JtcC8jOMhIK2KcP"
"1000208","2015/04/20","RL6RoSEvG2N1"
"1000209","2015/02/06","fX0olptKoSlH"
"1000210","2015/11/18","mpkf3dF8Vj"
"1000211","2017/10/02","Z6tB3GUzYRxO4Pc"
"1000212","2017/02/02","acQXI1yl02Le49ji"
"1000213","2017/06/11","HEmtWVQ1bOi8EyRyU9F5"
"1000214","2015/07/04","lkOK8PIdTObieoWJ7"
"1000215","2016/03/04","0oPAHU4wCTaCG"
"1000216","2017/10/12","tE0EcNZN13mxfVzW"
"1000217","2015/11/05","KZbAWPAFxDtgAOcW"
"1000218","2017/10/05","vHTu5pMjnVQl"
"1000219","2016/09/05","NYAm1syGL8KbsR"
"1000220","2016/12/20","wHzPKhR1Unzk7ClEDe"
"1000221","2015/05/07","vnijS5MaDhuff"
"1000222","2015/11/12","hDDCEQsPPL6wPG5ra"
"1000223","2017/03/02","KGrR5qBQpHr57A"
"1000224","2017/07/30","7MDJ7eLtj2yXCjxVR5C"
"1000225","2015/09/15","3TvIzhpYy6"
"1000226","2017/09/17","CJ2z27OYRBZX8gF0Oy"
"1000227","2017/09/28","l5sysumjZNIOAlx"
"1000228","2017/10/20","5qimI9xCWlWokj"
"1000229","2016/12/09","vPzAWvA5k2NFi4XP8PCc"
"1000230","2017/09/11","L6DQGyGhEgdJF"
"1000231","2015/11/16","DifDdlmgrp"
"1000232","2017/10/17","gJgde33KLavBAAbMhdnO"
"1000233","2015/10/17","KKkS0ODTRBl19d"
"1000234","2017/11/14","ORgapRtRCVOLf"
"1000235","2016/12/04","2iTXd1r0whjjchpC4"
"1000236","2015/03/02","ZF4K6ESYB9"
"1000237","2016/10/30","X5GOA1pcJf"
"1000238","2017/03/18","WKsB3Vl5VDQ5Y"
"1000239","2015/12/31","sxWYHsqCgXINsCQNZh6"
"1000240","2017/07/23","WrwXTO4cn0GdXKHS"
"1000241","2017/12/12","iR3MzeJ2L12A48kL"
"1000242","2017/03/29","KWAhzuPYqn"
"1000243","2015/09/26","34C8loLYnB8"
"1000244","2016/04/25","YHWCd7uDFZycI"
"1000245","2015/09/06","GKptArn9Mij"
"1000246","2015/07/20","vrKJDSV4sirVH"
"1000247","2016/03/01","18M0BmHGwDvpt7nY"
"1000248","2016/01/25","Emoigj9pEXa56"
"1000249","2017/06/14","whCx9Ur3RwDQlELspx0"
