"2016/05/18","2o5JCl8HzlJrTwgFnAhL"
"2015/03/19","cvyWTYT1dFo"
"2016/03/18","50LspyO99MOLVzo6zy"
"2015/11/27","9kwG4Pxq7g"
"2016/01/22","RUNf1WCaAvY5"
"2017/01/01","YDgfnhg96tKx"
"2017/07/19","Mf8N9hRAwkOZKK"
"2015/04/28","CFgYr3qhToh5Dy2V"
"2017/02/14","rEW0xy9rfbTly"
"2017/07/24","cSkX0b67mis3Pf"
"2015/07/18","3C2prWcWnp"
"2017/11/07","wVNra9sTX3b0571f"
"2015/06/25","zpxw3k4VnYQw5kZt"
"2016/10/20","GZf1qZ1ESXb24Q9qV"
"2016/07/02","vVGMeg4EOdmj7NLM4R"
"2017/02/23","0lpU0DIXzhZbVQ6"
"2017/12/30","qCa3K7MVzhnVnYCwxb"
"2016/12/23","jmatdqQm4X9iTgSElzr"
"2017/02/14","IA3SeY7PTlhtv3JTHQJ"
"2015/09/26","KFeZ2qkpmPQ"
"2017/11/12","BqTzkrzVwr1gkwJRl"
"2016/11/06","4WqcYfgWGfVa9uz"
"2016/05/18","6giwwSHQm50oG"
"2016/03/16","ZZL3svQJx0Z"
"2017/01/16","AJmE3Ds7JEMrFuXDmm"
"2015/07/18","XhAauauPVmguxe"
"2016/01/09","Ik3v1fGgFUMysdS3Jf"
"2017/11/13","A9a8UUvCID"
"2016/04/15","W2yeUhfnj73yV"
"2016/01/26","NcMSVT7LbhuDjWXoAns"
"2017/12/24","TDVsaHZWy50jg"
"2016/01/28","94U6Sm22WwihogbpgAU1"
"2017/12/30","NeRsHKNRGIXa0b"
"2017/05/21","FTjc1Dw9NhTW0y"
"2016/09/11","W97CKKWSDwzryVthY19"
"2015/04/16","Gq2d0BcNoQ"
"2015/04/19","8rvTa4GYfZ4kcR1"
"2016/04/21","e7No3qcImkREyM"
"2017/08/10","WbnnL1MCIOr"
"2015/06/25","CSURz2K7Ts5"
"2015/02/06","zE3QkhgobdENDRocNz"
"2017/11/02","mB00W5f1oJahfWnp5U"
"2016/11/09","NnrOCysieyZezlA0o"
"2015/08/14","5AJynlnVCTA6aIf"
"2015/12/10","0jvPJrMRqJmmD"
"2015/03/05","YB9BgrElF1r2aI3au"
"2017/01/08","qrdkEQLLdHdMRgJ"
"2016/05/17","veHlZmynPLltnW"
"2016/10/05","n9QjQRyRQXLZ5oZcx"
"2017/04/10","kBB6OQZzGVrXd9uK"
"2015/05/23","Wh6hZqSA5X"
"2015/04/22","Dm5vyozM5lhMJpzr"
"2015/10/27","80NWDc5rNcx"
"2016/09/12","7EPl6seaHB"
"2015/08/08","jsYtNkUZrimV"
"2016/05/13","q9bL88x3BKKdxpYAUsJm"
"2016/02/14","z7cLu5V90V6Nwg"
"2016/07/05","kseyGlaQFLeedVTyQ1rp"
"2016/12/23","UDSf6MnrMZZL"
"2017/10/14","GNHSiKqQcY"
"2016/08/17","RGsSeMQlX0X"
"2016/02/17","kHe5bCbQ5dYIqMwl"
"2016/09/20","Mx1IcVYtric32"
"2016/09/08","vkCQacuFZwFAG"
"2016/06/28","UBZVFjge7HUqFQF"
"2017/10/11","Ax3ZRYxBa33as"
"2017/01/01","IeNUPw6SuAkln1b"
"2015/11/26","0Wll913JBq5mlJot1"
"2017/11/04","h39JjyHhr4Dzvqv3"
"2015/12/08","DOQLxcv07N6"
"2015/01/17","KLpbUxdVXPzYG"
"2015/01/05","4n32WcWQImtKRbaA"
"2017/10/02","SQz0R9VkZwn"
"2015/07/20","Nx9GnfbvEJkFJtvZvn"
"2016/10/22","Xadainihrnn"
"2015/10/05","x98BfzRJ9F"
"2017/09/08","Pp90DmI57xRe3amzvys"
"2016/09/30","7ZKA3KnILKiTe1Mw7C6C"
"2016/09/12","o7DNeMHLKuw"
"2015/05/24","dLx4Or6CXA6WKReQWFW"
"2017/02/16","IbvisH2I84fg"
"2017/02/22","hyw8WqdJUMkzWN"
"2015/09/06","NpKRksbigc04yK72K"
"2016/07/17","3IXbzDgZnsrS5z"
"2015/07/25","iyazr0Mah73"
"2015/10/30","wOIoZQHmG6"
"2017/07/06","JTzv14hdwdP"
"2016/03/02","o1fWQhDo7V"
"2015/01/05","4lk1lJYHn2RJALTF"
"2015/06/19","2R0MgfvcHMF3Fd1pALbM"
"2017/07/23","bD6GiwxgAz"
"2015/07/17","dNWcAnIqocgeQ4LX4sF"
"2017/10/24","K3vElEYBV4wkXhS2fiG"
"2015/07/01","M0AOmCoZ8rRR"
"2017/02/09","c0c28FEk0EizGNm"
"2015/06/15","RZz8Gjg5X98BtxVOkEFg"
"2016/05/16","RA5GUBipIxpaX"
"2016/09/12","9X36fQ1ZorWujTH9I0BJ"
"2015/04/27","8pHDhIJutfmLM7YD"
"2016/05/23","tuRDyvCbxIunxXH3rU9"
"2016/04/18","OzxykIVcxtbIG9Eiu"
"2016/05/08","YQLgVtiiP3G"
"2016/01/20","r8uRR9hHkwLd4T"
"2015/11/07","d1Ty2NAP7XfgV"
"2016/03/24","zhrUAaLLVeUcTcgfv"
"2015/02/11","HDpfmc3VpJ"
"2016/07/09","PlQea84NQSb7KuBqL8Xk"
"2015/04/15","RTRo3YSlrF6nUQpN6"
"2017/06/21","hxWj0d7pkY5i"
"2016/05/17","SM9xox2qf7o"
"2016/12/06","ygmDX9CESl19"
"2015/09/02","8bCrpyhSuPRsY"
"2015/07/15","qC7wadCdU6"
"2017/09/02","zvJq5p2AjJhCJA"
"2016/06/17","xU0y1mWmW9FtNogGiK"
"2017/09/30","45IaV8hwzuC"
"2017/01/09","nFkfFsZAkJnURGeY"
"2017/01/23","erERrIr315y"
"2017/11/05","zL9eIHCDS9QqjBbKmV"
"2017/05/17","KIHvM6Qz6Y"
"2015/11/01","3JAc2QvyJnSPWoVuGj"
"2016/11/07","MTdlRuCfxRrj"
"2017/05/21","OUViUSpd3UH8RFs"
"2016/06/25","MDtZah1wZe"
"2016/01/18","7W33U3xcbFBK"
"2015/11/09","rPWUSmqGVHk1IiVA"
"2016/12/09","WNTUgFvMiNaybW5HbamM"
"2015/12/09","sjF5WUmzDIxF8"
"2017/09/17","OCw3lNi6imlVJoOX"
"2017/03/08","lLyoKj8UpCrvq"
"2017/11/04","hmVJ5Afvs61Rh"
"2017/02/24","s6LT0RpMdeLe78"
"2017/07/16","pLGCr9dAPFOX9tDt"
"2017/10/11","waLYFguWiRtCh"
"2016/05/17","MSSYPzmnDXeHm50f9gTs"
"2016/02/20","NtZcMUqEk6Zzj15E3Bc"
"2017/10/30","JwhoSerfabQA"
"2015/07/09","5hBrKW3ZqxOZEgkv5prV"
"2015/02/17","db9souv5ifjr7"
"2015/06/25","5KudkRIv3D"
"2016/09/10","M4mvSs0drK5iY8F"
"2016/01/28","RXUNaaAmlK"
"2016/01/20","8KoD6GjqbM4qBuVZ"
"2016/02/14","awDi258ivIrbWe"
"2016/11/29","4LdAJuoStSs1enLleV"
"2017/02/03","Lf1sUjnuEK2ComCxl"
"2017/06/17","SRxImBwTEs5gpZFRP"
"2015/08/15","JkcuAiQkcgTQpd9pOFSJ"
"2015/02/17","QHak9P8iMS"
"2016/03/09","qwQiE4qptzcAfk1Jbe"
"2016/06/02","uz1kjxNeGQtjDR1fbaM"
"2015/04/03","rWcrdUN8D1zI6KxCb"
"2016/08/13","T97xfyxMiv"
"2016/05/08","fetM4FyDSIQmpnpH"
"2016/08/05","54LAqkXDFm5qQbC"
"2016/04/29","dOUTTeHTPEN"
"2017/02/20","8GsYkRHMrpghVMY0xUM7"
"2017/04/03","S7AgxEmjGRELennsUFJV"
"2016/10/07","tKSWJmy8oSz"
"2015/07/08","2GhwCmQN4sjRlrMY"
"2017/02/07","fYBapxZKjLR3w"
"2016/06/29","0CJwYLy2Qy"
"2016/10/09","VHtqoTQg5ZMz"
"2017/09/08","Ozab37ShwCMHALt0"
"2017/07/23","H7Pv2oSN8ce3pTTr"
"2015/09/01","NbmXqIYisZfvI2Y"
"2016/11/21","I1rAzvS6ZZW"
"2016/07/03","KjV8YaGD4sS0nI"
"2016/03/16","frIV2zWDr3eALkrba"
"2015/01/21","KLLc7woFcaqrmyu0y87"
"2016/11/18","vNb6tF4eHcbTNc06g"
"2017/10/25","HWkIJZEISXkdJKQNK"
"2017/09/14","bIPKdKv0IGmQFB"
"2017/02/25","B6SVRFCBkt"
"2015/06/21","lpru4aDkIn7cP94"
"2015/04/30","MWCut6G0dI9O8koYrD0"
"2016/11/19","k7TA2Dqt7tudB"
"2017/11/12","ojfzaYXxacn0de"
"2016/01/29","7cT2ww10F3O8oVz6tFt"
"2016/04/15","q93x8Aqnblkvk1XolR"
"2016/08/05","eN050fUwpWb1bh"
"2015/06/01","DjKKizokdPVw3DSzDt7G"
"2017/03/28","jE5hNBXnOxveA9G"
"2015/07/28","Nt8Gk5YUGtO1a2SCsyMa"
"2017/12/12","NJKeLh99uxCQ"
"2015/07/05","TNvvvvrPlFeqf0"
"2015/11/04","LgqxYR15YRWTSlG"
"2016/08/14","YNJvqE1QhU"
"2017/07/10","FCH5Ug7pRe3Rgc"
"2015/04/30","1cNydD9Px8ir"
"2017/09/24","qNkFVbsP1bRSgQ9"
"2017/01/05","6T59IqgYvAGZdbAZBQ"
"2017/01/03","Eoiks2XKVfH"
"2015/03/18","cpPJxiGEkA8"
"2016/06/01","MGuH2zcvZGybInv"
"2017/05/12","yjovI2rULAy1DLPe0b"
"2017/08/08","Wuf5wb8e8L1JesI"
"2015/04/16","QcVmybhzaKOp5gb7Nj"
"2016/04/29","a6nTopRJi2K5X0353"
"2015/11/27","Tn8NZgCowFLKS9"
"2017/09/18","FXcw8GmefoG57p"
"2017/12/02","XgcMpoGZOg"
"2017/10/19","oY53u38nlk0T"
"2015/06/30","3Vb4CpTPPyKQofDaj"
"2015/04/01","XCl2D5YnoD"
"2015/03/26","RP5p1kJsrF0ooD"
"2017/11/04","yXAcaY0v73"
"2016/01/30","0yS5ui57g8ak0m5pxm96"
"2016/02/18","bunGKO6El1cjitX"
"2017/05/05","B6YxomvviCWfGb9KLcbP"
"2016/09/14","0Z0WyvqjDv58G"
"2016/05/07","91lW8urcMPvvptefr"
"2016/07/15","vxwexDeijv"
"2017/09/12","Jxf5VjGaybtkoD4b"
"2017/03/02","QYVsf4pce2o4VO9Lhk"
"2017/10/21","9YaVwG7K3Zhlo"
"2016/10/31","poOBH3HL8kdB8T"
"2017/06/25","w4C9tKqbob"
"2017/12/31","IbhF3ezdwB3"
"2017/03/21","vmmSBMGtPSg2NlkXwdd"
"2015/07/29","hGGho0zOznl"
"2015/07/24","90rwEQeCpV3OsLM9s7t"
"2015/05/13","Hpnq6ZqldhoyQZ"
"2015/01/22","0sffjOOJxdNOBwuA2e"
"2017/11/07","ZDwhI2FQzJlA"
"2016/05/04","7ECdZ20FbFyBcA16b"
"2016/07/23","nhY2fhCK3z9lOyf18Y"
"2016/07/07","HPV2vjOgt3V3Q"
"2017/09/08","lB8P55ipuiECSLto"
"2017/07/06","8mGlDmYFSoFRBnB"
"2016/08/30","SH10NR7lL570"
"2015/11/27","AARZyPI3GIG9MN"
"2016/06/08","Cf7myaa6cmdvRX"
"2015/11/15","uZN2Vjip6R0BN2Q"
"2017/01/04","0qJDxHEaLOKxo"
"2015/04/01","bwF0FK5g7w2a0dN"
"2016/05/17","poUxOm1241yYgYYGKz"
"2015/11/04","OytyRFNLxnr5nxtPYn0P"
"2017/04/21","va4BfE7DQxcSIUc"
"2017/03/18","l0vopaIxbTI30jFS"
"2017/05/31","8xixRr1qlb06Ms"
"2016/10/20","3lPjWHQ6s9ejnBWDA"
"2017/01/25","pi27uUZ6IQYCL"
"2016/06/08","SoI0BziDMO6FubVo"
"2016/07/01","O4nkocl3NzZPYfnKeC"
"2017/12/14","U7gqdgzkxauY"
"2016/02/02","U3o65DU466gPp"
"2016/10/29","e3i0oEgvTHtA"
"2017/12/23","8vdsqrT4sL9HvRC"
"2016/01/27","H6UFp6OuHqkiylsEKlY9"
